date,vix,sp500,tbills3m,sp500_chg
2022-04-13,0.2554,4446.59,0.0075,0.011174658040455254
2022-04-12,0.2717,4397.45,0.0074,-0.003417540503973915
2022-04-11,0.27,4412.53,0.0078000000000000005,-0.01687728929567678
2022-04-08,0.25170000000000003,4488.28,0.0069,-0.0026509873983658894
2022-04-07,0.2523,4500.21,0.0068000000000000005,0.004253372460194527
2022-04-06,0.258,4481.15,0.0067,-0.009716869386889204
2022-04-05,0.249,4525.12,0.006500000000000001,-0.012551716914267819
2022-04-04,0.2303,4582.64,0.0067,0.0080908782936564
2022-04-01,0.2421,4545.86,0.0052,0.0034102873691344016
2022-03-31,0.2446,4530.41,0.0051,-0.015652532890091164
2022-03-30,0.2357,4602.45,0.0055000000000000005,-0.006293721392175655
2022-03-29,0.23190000000000002,4631.6,0.005600000000000001,0.012256530405287291
2022-03-28,0.2418,4575.52,0.006,0.007144963967017803
2022-03-25,0.24719999999999998,4543.06,0.0053,0.005066192347173759
2022-03-24,0.253,4520.16,0.005,0.014343931206577842
2022-03-23,0.2641,4456.24,0.005,-0.012272780670315009
2022-03-22,0.2585,4511.61,0.0051,0.011304184094790948
2022-03-21,0.2638,4461.18,0.0055000000000000005,-4.3467350194470455e-4
2022-03-18,0.2655,4463.12,0.0040999999999999995,0.011662250349640857
2022-03-17,0.2822,4411.67,0.004,0.012347803738532281
2022-03-16,0.2896,4357.86,0.0043,0.022383840279651235
2022-03-15,0.3196,4262.45,0.0046,0.021408493905025416
2022-03-14,0.3332,4173.11,0.0045000000000000005,-0.00742095611408311
2022-03-11,0.3234,4204.31,0.0039000000000000003,-0.012961554353542182
2022-03-10,0.3152,4259.52,0.0038,-0.0042918454935622075
2022-03-09,0.3306,4277.88,0.0038,0.025698324022346508
2022-03-08,0.35,4170.7,0.0036,-0.007233836932796112
2022-03-07,0.3574,4201.09,0.0038,-0.02951809594651711
2022-03-04,0.3234,4328.87,0.0033,-0.00793401612012401
2022-03-03,0.308,4363.49,0.0037,-0.005254711002293466
2022-03-02,0.3097,4386.54,0.0033,0.018642627244987553
2022-03-01,0.3259,4306.26,0.0032,-0.015473463284818578
2022-02-28,0.2965,4373.94,0.0037,-0.002442612295166069
2022-02-25,0.2804,4384.65,0.0033,0.022372746986266234
2022-02-24,0.3005,4288.7,0.0033,0.014956809844988816
2022-02-23,0.30879999999999996,4225.5,0.0036,-0.018412176288573612
2022-02-22,0.29109999999999997,4304.76,0.0039000000000000003,-0.010142864698185927
2022-02-18,0.2922,4348.87,0.0034999999999999996,-0.007166241273349194
2022-02-17,0.2932,4380.26,0.0037,-0.021173137043269175
2022-02-16,0.2626,4475.01,0.0039000000000000003,8.812208263346832e-4
2022-02-15,0.2728,4471.07,0.0040999999999999995,0.015766743077059386
2022-02-14,0.2944,4401.67,0.0045000000000000005,-0.0038405482229827426
2022-02-11,0.2883,4418.64,0.0037,-0.0189694676826343
2022-02-10,0.2607,4504.08,0.0040999999999999995,-0.018115705073705524
2022-02-09,0.2349,4587.18,0.0027,0.014517177775713597
2022-02-08,0.24539999999999998,4521.54,0.0027,0.008401224834796661
2022-02-07,0.2569,4483.87,0.0028000000000000004,-0.003701786234065696
2022-02-04,0.2625,4500.53,0.0023,0.005156964694110977
2022-02-03,0.2667,4477.44,0.0021,-0.024391094221877574
2022-02-02,0.2514,4589.38,0.002,0.009422549895085064
2022-02-01,0.24760000000000001,4546.54,0.002,0.006862951356977565
2022-01-31,0.2685,4515.55,0.0024,0.018886018254227865
2022-01-28,0.2882,4431.85,0.0019,0.024347568825681787
2022-01-27,0.30870000000000003,4326.51,0.002,-0.005383994684971971
2022-01-26,0.3195,4349.93,0.0019,-0.0014966314315554285
2022-01-25,0.3176,4356.45,0.002,-0.012171976789799865
2022-01-24,0.30820000000000003,4410.13,0.002,0.0027717522294530283
2022-01-21,0.2995,4397.94,0.0017000000000000001,-0.01891481307149878
2022-01-20,0.2725,4482.73,0.0018,-0.01103742532143781
2022-01-19,0.2581,4532.76,0.0017000000000000001,-0.009689520243122751
2022-01-18,0.25120000000000003,4577.11,0.0017000000000000001,-0.0183878958147915
2022-01-14,0.22820000000000001,4662.85,0.0013,8.199131578892072e-4
2022-01-13,0.2341,4659.03,0.0012,-0.014243549462058636
2022-01-12,0.2158,4726.35,0.0012,0.002817696321081753
2022-01-11,0.2198,4713.07,0.0012,0.009160030747555226
2022-01-10,0.2268,4670.29,0.0013,-0.0014410854751839564
2022-01-07,0.22870000000000001,4677.03,0.001,-0.0040502124125595396
2022-01-06,0.235,4696.05,0.001,-9.637108612128298e-4
2022-01-05,0.2347,4700.58,9e-4,-0.01939276609770646
2022-01-04,0.2162,4793.54,8e-4,-6.29617892823231e-4
2022-01-03,0.21530000000000002,4796.56,9e-4,0.00637407735335227
2021-12-31,0.2188,4766.18,6e-4,-0.0026262207741385435
2021-12-30,0.2188,4778.73,5e-4,-0.002989739331450192
2021-12-29,0.2183,4793.06,5e-4,0.0014019033292591576
2021-12-28,0.22329999999999997,4786.35,6e-4,-0.0010101874482121298
2021-12-27,0.2274,4791.19,6e-4,0.01383895602639984
2021-12-23,0.2324,4725.79,8e-4,0.006223704157936716
2021-12-22,0.23559999999999998,4696.56,8e-4,0.010180180373954517
2021-12-21,0.25,4649.23,7.000000000000001e-4,0.017777943178882483
2021-12-20,0.2631,4568.02,7.000000000000001e-4,-0.011388032826621375
2021-12-17,0.25379999999999997,4620.64,5e-4,-0.010287726483131143
2021-12-16,0.2437,4668.67,5e-4,-0.00874337823922211
2021-12-15,0.233,4709.85,6e-4,0.016348409288555077
2021-12-14,0.2535,4634.09,5e-4,-0.007470598440341258
2021-12-13,0.2432,4668.97,5e-4,-0.009136209099282255
2021-12-10,0.2318,4712.02,6e-4,0.00954911139915815
2021-12-09,0.2466,4667.45,6e-4,-0.007181129964413446
2021-12-08,0.23629999999999998,4701.21,7.000000000000001e-4,0.0030852936469836223
2021-12-07,0.24960000000000002,4686.75,6e-4,0.020707063007576743
2021-12-06,0.2888,4591.67,6e-4,0.011730928977641941
2021-12-03,0.3178,4538.43,6e-4,-0.00844858097922263
2021-12-02,0.2915,4577.1,5e-4,0.014194423271231882
2021-12-01,0.3079,4513.04,6e-4,-0.011815195971097037
2021-11-30,0.2813,4567,5e-4,-0.01896130621854386
2021-11-29,0.2504,4655.27,6e-4,0.013200221128189193
2021-11-26,0.2917,4594.62,6e-4,-0.02272485568312821
2021-11-24,0.21899999999999997,4701.46,6e-4,0.002293900697124096
2021-11-23,0.2245,4690.7,6e-4,0.0016570786727996278
2021-11-22,0.2263,4682.94,5e-4,-0.0031971323723489764
2021-11-19,0.2192,4697.96,5e-4,-0.0013986489646171663
2021-11-18,0.21899999999999997,4704.54,5e-4,0.00338475516511072
2021-11-17,0.2158,4688.67,5e-4,-0.0026016294752068125
2021-11-16,0.209,4700.9,5e-4,0.003865208849406221
2021-11-15,0.2087,4682.8,5e-4,-1.0677258507119092e-5
2021-11-12,0.2069,4682.85,5e-4,0.007777545833503874
2021-11-10,0.22,4646.71,5e-4,-0.008225815057894437
2021-11-09,0.2141,4685.25,4e-4,-0.0034987345002870374
2021-11-08,0.20980000000000001,4701.7,6e-4,8.877005575269603e-4
2021-11-05,0.20489999999999997,4697.53,5e-4,0.0037328581257503046
2021-11-04,0.19699999999999998,4680.06,4e-4,0.004181891914508462
2021-11-03,0.195,4660.57,5e-4,0.00646129593037692
2021-11-02,0.201,4630.65,5e-4,0.0036803672564356127
2021-11-01,0.2039,4613.67,5e-4,0.0018000686154020507
2021-10-29,0.20370000000000002,4605.38,5e-4,0.0019493431844783693
2021-10-28,0.2048,4596.42,6e-4,0.009829337739032606
2021-10-27,0.2089,4551.68,6e-4,-0.005051597996847845
2021-10-26,0.2011,4574.79,6e-4,0.0018197824144636776
2021-10-25,0.1956,4566.48,6e-4,0.004748179277871856
2021-10-22,0.20010000000000003,4544.9,6e-4,-0.0010725793335062406
2021-10-21,0.1948,4549.78,6e-4,0.002995906256131331
2021-10-20,0.19870000000000002,4536.19,5e-4,0.0036640167447334893
2021-10-19,0.1998,4519.63,5e-4,0.00739335690054066
2021-10-18,0.2029,4486.46,6e-4,0.0033748045900920953
2021-10-15,0.203,4471.37,5e-4,0.0074601307719690535
2021-10-14,0.20370000000000002,4438.26,5e-4,0.01706311013337003
2021-10-13,0.21539999999999998,4363.8,5e-4,0.003022536862308023
2021-10-12,0.22329999999999997,4350.65,6e-4,-0.009265964375338887
2021-10-08,0.2188,4391.34,5e-4,-0.0019137407494954628
2021-10-07,0.2212,4399.76,5e-4,0.00829828923697451
2021-10-06,0.2284,4363.55,4e-4,0.004102887438675262
2021-10-05,0.2311,4345.72,4e-4,0.010524455523362564
2021-10-04,0.24109999999999998,4300.46,4e-4,-0.012985880322420762
2021-10-01,0.2305,4357.04,4e-4,0.011491477734391298
2021-09-30,0.23870000000000002,4307.54,4e-4,-0.011909731939276913
2021-09-29,0.2372,4359.46,4e-4,0.001569166228234442
2021-09-28,0.2403,4352.63,4e-4,-0.020364114325326033
2021-09-27,0.214,4443.11,4e-4,-0.0027763563072890074
2021-09-24,0.2082,4455.48,3e-4,0.0014610090402744635
2021-09-23,0.2137,4448.98,3e-4,0.012134751708511082
2021-09-22,0.2305,4395.64,3e-4,0.009519566210937302
2021-09-21,0.2547,4354.19,3e-4,-8.123495489623656e-4
2021-09-20,0.264,4357.73,4e-4,-0.016977254629493954
2021-09-17,0.2322,4432.99,4e-4,-0.009110924839340617
2021-09-16,0.2181,4473.75,4e-4,-0.0015510969268194286
2021-09-15,0.21760000000000002,4480.7,4e-4,0.008473908688851006
2021-09-14,0.2255,4443.05,4e-4,-0.00574659914561837
2021-09-13,0.22469999999999998,4468.73,6e-4,0.0022765095613401787
2021-09-10,0.23309999999999997,4458.58,5e-4,-0.0077226435922087555
2021-09-09,0.2206,4493.28,4e-4,-0.004605599824548556
2021-09-08,0.2159,4514.07,5e-4,-0.0013185753191903293
2021-09-07,0.21530000000000002,4520.03,5e-4,-0.003395488410139813
2021-09-03,0.2032,4535.43,5e-4,-3.35026835208585e-4
2021-09-02,0.20129999999999998,4536.95,5e-4,0.0028425606033477546
2021-09-01,0.20079999999999998,4524.09,5e-4,3.117620525883158e-4
2021-08-31,0.20420000000000002,4522.68,4e-4,-0.001349146239944865
2021-08-30,0.204,4528.79,5e-4,0.00430658828173347
2021-08-27,0.2061,4509.37,5e-4,0.008807606263982137
2021-08-26,0.2186,4470,5e-4,-0.005824931775569864
2021-08-25,0.2079,4496.19,6e-4,0.0022201269217136943
2021-08-24,0.2122,4486.23,5e-4,0.0014956926284677152
2021-08-23,0.212,4479.53,5e-4,0.008523820995256282
2021-08-20,0.2241,4441.67,5e-4,0.008141540696354754
2021-08-19,0.242,4405.8,6e-4,0.0012567410636163956
2021-08-18,0.23800000000000002,4400.27,7.000000000000001e-4,-0.010748457761550978
2021-08-17,0.217,4448.08,7.000000000000001e-4,-0.0070607249129965854
2021-08-16,0.2064,4479.71,6e-4,0.0026208594449417255
2021-08-13,0.2026,4468,6e-4,0.0016073241975147479
2021-08-12,0.2025,4460.83,6e-4,0.002952087595835984
2021-08-11,0.20670000000000002,4447.7,5e-4,0.0024680227644109376
2021-08-10,0.2121,4436.75,5e-4,9.92701388653705e-4
2021-08-09,0.2127,4432.35,6e-4,-9.39925887858073e-4
2021-08-06,0.2087,4436.52,6e-4,0.0016752839177258672
2021-08-05,0.2152,4429.1,5e-4,0.006005460335342772
2021-08-04,0.2217,4402.66,5e-4,-0.00463244520307915
2021-08-03,0.2218,4423.15,5e-4,0.008203484714484954
2021-08-02,0.2305,4387.16,5e-4,-0.0018428943907755624
2021-07-30,0.2218,4395.26,6e-4,-0.005406016994218166
2021-07-29,0.2188,4419.15,6e-4,0.004206206369982368
2021-07-28,0.2235,4400.64,5e-4,-1.8630181803303003e-4
2021-07-27,0.23,4401.46,5e-4,-0.004712479931257563
2021-07-26,0.21739999999999998,4422.3,5e-4,0.002382253008416102
2021-07-23,0.2165,4411.79,5e-4,0.010145438559535647
2021-07-22,0.2186,4367.48,5e-4,0.0020166609692362503
2021-07-21,0.2187,4358.69,5e-4,0.008241847210077813
2021-07-20,0.23199999999999998,4323.06,5e-4,0.01516265155019747
2021-07-19,0.249,4258.49,5e-4,-0.015869531055010655
2021-07-16,0.2207,4327.16,5e-4,-0.007538938952254881
2021-07-15,0.2109,4360.03,5e-4,-0.0032622362435132946
2021-07-14,0.20620000000000002,4374.3,6e-4,0.0011649703264435818
2021-07-13,0.2113,4369.21,5e-4,-0.003516830382495284
2021-07-12,0.2046,4384.63,5e-4,0.0034511562975592103
2021-07-09,0.20440000000000003,4369.55,6e-4,0.01127795187024705
2021-07-08,0.2198,4320.82,6e-4,-0.00856101125941644
2021-07-07,0.2041,4358.13,5e-4,0.003359011313352811
2021-07-06,0.2026,4343.54,5e-4,-0.002021900862524517
2021-07-02,0.193,4352.34,5e-4,0.0075001041681135305
2021-07-01,0.1945,4319.94,5e-4,0.005221640488656032
2021-06-30,0.19510000000000002,4297.5,5e-4,0.001328114078009257
2021-06-29,0.1949,4291.8,4e-4,2.7734984069871516e-4
2021-06-28,0.1902,4290.61,5e-4,0.0023150419323942906
2021-06-25,0.19,4280.7,6e-4,0.003330606657931945
2021-06-24,0.19260000000000002,4266.49,5e-4,0.005811157422250579
2021-06-23,0.19699999999999998,4241.84,5e-4,-0.0010832603310065858
2021-06-22,0.2007,4246.44,4e-4,0.005124515064653945
2021-06-21,0.2112,4224.79,5e-4,0.01400232812106239
2021-06-18,0.2293,4166.45,5e-4,-0.013124547000611053
2021-06-17,0.20980000000000001,4221.86,4e-4,-4.356370007340127e-4
2021-06-16,0.2126,4223.7,4e-4,-0.005390207201542929
2021-06-15,0.20679999999999998,4246.59,3e-4,-0.0020116799642784233
2021-06-14,0.2014,4255.15,3e-4,0.0018152110447704484
2021-06-11,0.19640000000000002,4247.44,3e-4,0.0019484900381676606
2021-06-10,0.20079999999999998,4239.18,3e-4,0.004652154850635748
2021-06-09,0.21280000000000002,4219.55,3e-4,-0.0018238764589828538
2021-06-08,0.20850000000000002,4227.26,2e-4,1.7508493985585183e-4
2021-06-07,0.20550000000000002,4226.52,2e-4,-7.967110255822085e-4
2021-06-04,0.20620000000000002,4229.89,2e-4,0.00883408659980689
2021-06-03,0.2182,4192.85,2e-4,-0.003628698801364849
2021-06-02,0.21420000000000003,4208.12,2e-4,0.0014469162597214869
2021-06-01,0.2134,4202.04,2e-4,-4.923753184382651e-4
2021-05-28,0.2048,4204.11,1e-4,7.688865190149663e-4
2021-05-27,0.20309999999999997,4200.88,2e-4,0.0011653983922745859
2021-05-26,0.213,4195.99,2e-4,0.001876732575158746
2021-05-25,0.22399999999999998,4188.13,2e-4,-0.002125302295660103
2021-05-24,0.2223,4197.05,2e-4,0.009911305963146155
2021-05-21,0.2349,4155.86,1e-4,-7.838196541576359e-4
2021-05-20,0.23809999999999998,4159.12,1e-4,0.010554756443649449
2021-05-19,0.2527,4115.68,1e-4,-0.0029434351705374118
2021-05-18,0.2422,4127.83,2e-4,-0.008517302421882755
2021-05-17,0.2314,4163.29,2e-4,-0.0025300382141189015
2021-05-14,0.22260000000000002,4173.85,1e-4,0.014917933130699224
2021-05-13,0.2526,4112.5,2e-4,0.012173151138064053
2021-05-12,0.2818,4063.04,2e-4,-0.021449387057151936
2021-05-11,0.24230000000000002,4152.1,1e-4,-0.008673894514173552
2021-05-10,0.22399999999999998,4188.43,2e-4,-0.010435666020885526
2021-05-07,0.2079,4232.6,2e-4,0.007373346471123199
2021-05-06,0.2188,4201.62,2e-4,0.008165390549454088
2021-05-05,0.22260000000000002,4167.59,2e-4,7.035388242977447e-4
2021-05-04,0.2267,4164.66,2e-4,-0.006678337857112138
2021-05-03,0.21739999999999998,4192.66,4e-4,0.0027480346410215795
2021-04-30,0.2207,4181.17,1e-4,-0.007194637501869883
2021-04-29,0.21309999999999998,4211.47,1e-4,0.006762797680233579
2021-04-28,0.2113,4183.18,1e-4,-8.455306301830001e-4
2021-04-27,0.2132,4186.72,1e-4,-2.149192142553158e-4
2021-04-26,0.21539999999999998,4187.62,3e-4,0.001782224167916624
2021-04-23,0.2157,4180.17,3e-4,0.010928710658818286
2021-04-22,0.22519999999999998,4134.98,3e-4,-0.009210671343885979
2021-04-21,0.21489999999999998,4173.42,3e-4,0.009306060063749566
2021-04-20,0.2235,4134.94,3e-4,-0.006802361610853236
2021-04-19,0.2137,4163.26,2e-4,-0.005306453038726788
2021-04-16,0.2053,4185.47,2e-4,0.0036087492386858155
2021-04-15,0.2076,4170.42,2e-4,0.011094247768300924
2021-04-14,0.21059999999999998,4124.66,2e-4,-0.0040878020277237415
2021-04-13,0.2078,4141.59,3e-4,0.00329458162447116
2021-04-12,0.2082,4127.99,2e-4,-1.96182910288778e-4
2021-04-09,0.20739999999999997,4128.8,2e-4,0.007719962803593772
2021-04-08,0.2059,4097.17,1e-4,0.004220639958823158
2021-04-07,0.2066,4079.95,2e-4,0.0014752303666720756
2021-04-06,0.2116,4073.94,2e-4,-9.735379152555623e-4
2021-04-05,0.2096,4077.91,3e-4,0.014438277854756487
2021-04-01,0.2097,4019.87,2e-4,0.011825144919693331
2021-03-31,0.22149999999999997,3972.89,3e-4,0.003622538555784205
2021-03-30,0.2231,3958.55,2e-4,-0.003157823166939022
2021-03-29,0.23199999999999998,3971.09,3e-4,-8.680249789911887e-4
2021-03-26,0.2232,3974.54,2e-4,0.016631197691788335
2021-03-25,0.23370000000000002,3909.52,2e-4,0.00524023305923671
2021-03-24,0.244,3889.14,2e-4,-0.005467303581109473
2021-03-23,0.23800000000000002,3910.52,1e-4,-0.0076308370066411335
2021-03-22,0.22940000000000002,3940.59,3e-4,0.0070251207482558975
2021-03-19,0.24989999999999998,3913.1,1e-4,-6.027388863633076e-4
2021-03-18,0.2528,3915.46,1e-4,-0.014760500437832724
2021-03-17,0.23879999999999998,3974.12,2e-4,0.0028793426720601367
2021-03-16,0.24710000000000001,3962.71,2e-4,-0.0015696886322292825
2021-03-15,0.2489,3968.94,4e-4,0.006491958593476621
2021-03-12,0.25739999999999996,3943.34,4e-4,0.0010153985185334946
2021-03-11,0.2609,3939.34,4e-4,0.010395479646353678
2021-03-10,0.2668,3898.81,4e-4,0.006030283013025661
2021-03-09,0.2728,3875.44,5e-4,0.014154683554241432
2021-03-08,0.2813,3821.35,5e-4,-0.005359271617984662
2021-03-05,0.2789,3841.94,4e-4,0.019495975820425837
2021-03-04,0.30079999999999996,3768.47,4e-4,-0.013417213827191521
2021-03-03,0.2879,3819.72,5e-4,-0.01306620434127681
2021-03-02,0.2716,3870.29,4e-4,-0.008080844323930969
2021-03-01,0.26780000000000004,3901.82,5e-4,0.023790719336683086
2021-02-26,0.29600000000000004,3811.15,4e-4,-0.004750165824920272
2021-02-25,0.3024,3829.34,4e-4,-0.024478846903396523
2021-02-24,0.2589,3925.43,3e-4,0.01135166191319037
2021-02-23,0.2712,3881.37,4e-4,0.0012562878885591378
2021-02-22,0.2781,3876.5,3e-4,-0.007732849379657014
2021-02-19,0.2709,3906.71,4e-4,-0.0018548941356217874
2021-02-18,0.2786,3913.97,3e-4,-0.004415808390544673
2021-02-17,0.2752,3931.33,4e-4,-0.00032039953313212077
2021-02-16,0.2755,3932.59,4e-4,-5.692749114954987e-4
2021-02-12,0.265,3934.83,4e-4,0.004710983101741784
2021-02-11,0.2722,3916.38,5e-4,0.0016624551137118804
2021-02-10,0.2749,3909.88,5e-4,-3.451599624669788e-4
2021-02-09,0.2711,3911.23,4e-4,-0.0011134975827398197
2021-02-08,0.26649999999999996,3915.59,5e-4,0.007399345996609075
2021-02-05,0.2652,3886.83,3e-4,0.003897472454245321
2021-02-04,0.26789999999999997,3871.74,4e-4,0.010853304161434041
2021-02-03,0.2757,3830.17,4e-4,0.001008804827627774
2021-02-02,0.29359999999999997,3826.31,7.000000000000001e-4,0.013898236818535858
2021-02-01,0.32530000000000003,3773.86,7.000000000000001e-4,0.01605173602136656
2021-01-29,0.33880000000000005,3714.24,6e-4,-0.019311502938707092
2021-01-28,0.3177,3787.38,7.000000000000001e-4,0.009760662477304782
2021-01-27,0.35729999999999995,3750.77,8e-4,-0.025677859113367063
2021-01-26,0.26890000000000003,3849.62,7.000000000000001e-4,-0.0014888363213811928
2021-01-25,0.2688,3855.36,9e-4,0.003615803325289546
2021-01-22,0.25989999999999996,3841.47,8e-4,-0.0030105863636010755
2021-01-21,0.257,3853.07,9e-4,3.167309215053038e-4
2021-01-20,0.2572,3851.85,8e-4,0.013935576257400273
2021-01-19,0.2669,3798.91,9e-4,0.008136402839514334
2021-01-15,0.2726,3768.25,9e-4,-0.00719001775768402
2021-01-14,0.2632,3795.54,9e-4,-0.003753438464607517
2021-01-13,0.2555,3809.84,9e-4,0.0022756031663768717
2021-01-12,0.262,3801.19,9e-4,4.158321511944507e-4
2021-01-11,0.267,3799.61,8e-4,-0.006554796741165214
2021-01-08,0.249,3824.68,8e-4,0.005491890982414871
2021-01-07,0.2502,3803.79,9e-4,0.01484736429268918
2021-01-06,0.26789999999999997,3748.14,9e-4,0.005709900559720538
2021-01-05,0.2725,3726.86,9e-4,0.007082539553862066
2021-01-04,0.2826,3700.65,9e-4,-0.01475478359029514
2020-12-31,0.2528,3756.07,9e-4,0.00643883774021714
2020-12-30,0.2544,3732.04,8e-4,0.0013415471795312772
2020-12-29,0.26239999999999997,3727.04,0.001,-0.0022273622890431888
2020-12-28,0.2515,3735.36,0.0011,0.008722515973276224
2020-12-24,0.25370000000000004,3703.06,9e-4,0.0035365757816374632
2020-12-23,0.2626,3690.01,9e-4,7.458112528002658e-4
2020-12-22,0.2725,3687.26,9e-4,-0.0020731166033364223
2020-12-21,0.2758,3694.92,9e-4,-0.003906281591951277
2020-12-18,0.25170000000000003,3709.41,8e-4,-0.0035111001267972286
2020-12-17,0.2515,3722.48,8e-4,0.005757638800703457
2020-12-16,0.2547,3701.17,9e-4,0.0017728480872187813
2020-12-15,0.2587,3694.62,8e-4,0.012921214314501217
2020-12-14,0.2711,3647.49,9e-4,-0.004359266922526861
2020-12-11,0.2605,3663.46,8e-4,-0.001264960061067022
2020-12-10,0.2505,3668.1,8e-4,-0.0012851160688518437
2020-12-09,0.2473,3672.82,8e-4,-0.007949220068876994
2020-12-08,0.23870000000000002,3702.25,9e-4,0.002787137455443789
2020-12-07,0.2452,3691.96,8e-4,-0.0019355954929820562
2020-12-04,0.2429,3699.12,9e-4,0.008836235109307422
2020-12-03,0.24559999999999998,3666.72,8e-4,-6.241465681479097e-4
2020-12-02,0.24539999999999998,3669.01,9e-4,0.0017911507324332998
2020-12-01,0.24489999999999998,3662.45,9e-4,0.011271167954760575
2020-11-30,0.2433,3621.63,8e-4,-0.0045954897137437944
2020-11-27,0.2443,3638.35,9e-4,0.0023969253233782073
2020-11-25,0.24420000000000003,3629.65,9e-4,-0.0015844155129681736
2020-11-24,0.2484,3635.41,9e-4,0.016161717804443754
2020-11-23,0.25429999999999997,3577.59,8e-4,0.00563591695385024
2020-11-20,0.2606,3557.54,7.000000000000001e-4,-0.0067925413261787915
2020-11-19,0.258,3581.87,7.000000000000001e-4,0.003946420613320845
2020-11-18,0.2639,3567.79,9e-4,-0.01156383241031389
2020-11-17,0.25379999999999997,3609.53,9e-4,-0.004791957892531062
2020-11-16,0.2535,3626.91,9e-4,0.011648048198820149
2020-11-13,0.2569,3585.15,9e-4,0.013610365817456005
2020-11-12,0.2722,3537.01,0.001,-0.002403025781758994
2020-11-10,0.26489999999999997,3545.53,0.001,-0.001399802844669673
2020-11-09,0.2688,3550.5,0.0011,0.011699872344305584
2020-11-06,0.2737,3509.44,0.001,-2.8771240154390476e-4
2020-11-05,0.2905,3510.45,0.001,0.019460190971818836
2020-11-04,0.2998,3443.44,0.001,0.022047038430944355
2020-11-03,0.33520000000000005,3369.16,0.001,0.017799313644932147
2020-11-02,0.3506,3310.24,9e-4,0.01231819349472163
2020-10-30,0.3627,3269.96,9e-4,-0.012129506270184387
2020-10-29,0.35840000000000005,3310.11,9e-4,0.011947307117329942
2020-10-28,0.3775,3271.03,0.001,-0.03528790685054317
2020-10-27,0.3272,3390.68,0.001,-0.0030256074002417144
2020-10-26,0.3207,3400.97,0.0011,-0.01858953826264864
2020-10-23,0.2899,3465.39,0.001,0.0034457896215134287
2020-10-22,0.293,3453.49,9e-4,0.005218945382994278
2020-10-21,0.2961,3435.56,0.001,-0.002195682985199454
2020-10-20,0.3011,3443.12,0.001,0.0047272769717412455
2020-10-19,0.304,3426.92,0.0011,-0.016329822808936134
2020-10-16,0.2921,3483.81,0.0011,1.3492797142955482e-4
2020-10-15,0.2872,3483.34,0.0011,-0.0015278028589691406
2020-10-14,0.2824,3488.67,0.0012,-0.006623138843883547
2020-10-13,0.28350000000000003,3511.93,0.0011,0.010008253933559974
2020-10-09,0.2828,3477.13,0.001,0.008790685934612519
2020-10-08,0.2949,3446.83,9e-4,0.008007135650470065
2020-10-07,0.307,3419.45,0.001,0.01740579300495404
2020-10-06,0.3188,3360.95,0.001,-0.013988024514247743
2020-10-05,0.3128,3408.63,0.001,0.01797553487594228
2020-10-02,0.3239,3348.44,9e-4,-0.009571699006152401
2020-10-01,0.3172,3380.8,9e-4,0.005292893250074426
2020-09-30,0.3164,3363,0.001,0.008253709372292528
2020-09-29,0.3109,3335.47,9e-4,-0.004812626805108078
2020-09-28,0.31739999999999996,3351.6,0.0011,0.016110548559024496
2020-09-25,0.32030000000000003,3298.46,0.001,0.015976763311659203
2020-09-24,0.3306,3246.59,0.001,0.002987407782707008
2020-09-23,0.3328,3236.92,0.0011,-0.02372141140135786
2020-09-22,0.31670000000000004,3315.57,0.001,0.010517942372282096
2020-09-21,0.3164,3281.06,0.001,-0.011571124305988612
2020-09-18,0.3046,3319.47,0.001,-0.01118257020384228
2020-09-17,0.3075,3357.01,9e-4,-0.00841237162124231
2020-09-16,0.3057,3385.49,0.0012,-0.004618958014818264
2020-09-15,0.30269999999999997,3401.2,0.0011,0.005219385613883576
2020-09-14,0.3048,3383.54,0.0011,0.01274180851668838
2020-09-11,0.31129999999999997,3340.97,0.0011,5.330634075928486e-4
2020-09-10,0.3292,3339.19,0.0012,-0.017584790641843373
2020-09-09,0.3212,3398.96,0.0012,0.020145024971186976
2020-09-08,0.3431,3331.84,0.0013,-0.027756378831384043
2020-09-04,0.3475,3426.96,0.0011,-0.008132999137496877
2020-09-03,0.3763,3455.06,0.0011,-0.03512583639592948
2020-09-02,0.3267,3580.84,0.0012,0.015365857116526938
2020-09-01,0.321,3526.65,0.0012,0.00752504778148233
2020-08-31,0.3185,3500.31,0.0011,-0.0021949766391772263
2020-08-28,0.2962,3508.01,0.001,0.006732576659826961
2020-08-27,0.2993,3484.55,0.0011,0.0016730243508407128
2020-08-26,0.287,3478.73,0.0011,0.010195666188487662
2020-08-25,0.2791,3443.62,0.0011,0.003596325569466652
2020-08-24,0.281,3431.28,0.0012,0.01004368354743379
2020-08-21,0.2817,3397.16,0.001,0.0034411358997610275
2020-08-20,0.2813,3385.51,0.0011,0.0031586589033587575
2020-08-19,0.2811,3374.85,0.0011,-0.004404415625792857
2020-08-18,0.2735,3389.78,9e-4,0.0023033775972136628
2020-08-17,0.27449999999999997,3381.99,0.001,0.0027098744385312123
2020-08-14,0.2837,3372.85,0.001,-1.7193183199293305e-4
2020-08-13,0.2817,3373.43,0.001,-0.0020471252976762555
2020-08-12,0.2812,3380.35,0.0011,0.013996502374245878
2020-08-11,0.2917,3333.69,0.0011,-0.007969123366671882
2020-08-10,0.2805,3360.47,0.0011,0.0027422358024395965
2020-08-07,0.2828,3351.28,0.001,6.329945419150107e-4
2020-08-06,0.282,3349.16,0.001,0.006427727877827971
2020-08-05,0.28600000000000003,3327.77,0.001,0.0064297401187354275
2020-08-04,0.2909,3306.51,9e-4,0.0036119601409574376
2020-08-03,0.2966,3294.61,0.001,0.007181026681992719
2020-07-31,0.29710000000000003,3271.12,9e-4,0.007670459796317086
2020-07-30,0.29760000000000003,3246.22,9e-4,-0.0037502608610255894
2020-07-29,0.2929,3258.44,0.0011,0.012428381451883519
2020-07-28,0.301,3218.44,0.0011,-0.006473401020556158
2020-07-27,0.3,3239.41,0.0011,0.007395129414764723
2020-07-24,0.3056,3215.63,0.0011,-0.0061903908321639944
2020-07-23,0.3025,3235.66,0.0012,-0.012319827107282633
2020-07-22,0.2905,3276.02,0.0013,0.005747091149111094
2020-07-21,0.29469999999999996,3257.3,0.0013,0.0016790493997245193
2020-07-20,0.29100000000000004,3251.84,0.0013,0.008406905384326757
2020-07-17,0.3037,3224.73,0.0011,0.00284863958800452
2020-07-16,0.3155,3215.57,0.0011,-0.0034061043340275488
2020-07-15,0.3156,3226.56,0.0016,0.00908203857989931
2020-07-14,0.3256,3197.52,0.0015,0.013406355182839835
2020-07-13,0.3454,3155.22,0.0014000000000000002,-0.009362519779971379
2020-07-10,0.3102,3185.04,0.0013,0.01046620453355751
2020-07-09,0.3206,3152.05,0.0013,-0.005643639942711776
2020-07-08,0.3119,3169.94,0.0015,0.007827502448081614
2020-07-07,0.3207,3145.32,0.0015,-0.010818562640735552
2020-07-06,0.3098,3179.72,0.0015,0.0158817383970018
2020-07-02,0.30870000000000003,3130.01,0.0014000000000000002,0.004541282342595654
2020-07-01,0.31679999999999997,3115.86,0.0014000000000000002,0.005022110834792981
2020-06-30,0.32520000000000004,3100.29,0.0016,0.015409859690034278
2020-06-29,0.33909999999999996,3053.24,0.0014000000000000002,0.01468569814393228
2020-06-26,0.358,3009.05,0.0014000000000000002,-0.024226917788673585
2020-06-25,0.34090000000000004,3083.76,0.0016,0.01095946995898811
2020-06-24,0.3539,3050.33,0.0015,-0.025855158736495243
2020-06-23,0.3306,3131.29,0.0016,0.004307441642665166
2020-06-22,0.3375,3117.86,0.0016,0.006495057687217143
2020-06-19,0.3668,3097.74,0.0015,-0.005649463621948292
2020-06-18,0.3514,3115.34,0.0016,5.94188515139038e-4
2020-06-17,0.35719999999999996,3113.49,0.0017000000000000001,-0.0036002995449221364
2020-06-16,0.358,3124.74,0.0017000000000000001,0.018962430582503575
2020-06-15,0.3643,3066.59,0.0018,0.008312207568449193
2020-06-12,0.38049999999999995,3041.31,0.0016,0.013060857399820103
2020-06-11,0.4043,3002.1,0.0017000000000000001,-0.058944121574601716
2020-06-10,0.2957,3190.14,0.0017000000000000001,-0.0053130787794885
2020-06-09,0.2967,3207.18,0.0019,-0.007799182648133396
2020-06-08,0.2808,3232.39,0.0017000000000000001,0.012041591393674889
2020-06-05,0.2742,3193.93,0.0015,0.02621170498176606
2020-06-04,0.28850000000000003,3112.35,0.0015,-0.0033686961032639573
2020-06-03,0.2891,3122.87,0.0016,0.013648963587616247
2020-06-02,0.2993,3080.82,0.0015,0.00821080396500995
2020-06-01,0.30920000000000003,3055.73,0.0014000000000000002,0.0037512605483673855
2020-05-29,0.30269999999999997,3044.31,0.0014000000000000002,0.004812310007822562
2020-05-28,0.3121,3029.73,0.0015,-0.0021079466294262605
2020-05-27,0.3019,3036.13,0.0015,0.014827343010993532
2020-05-26,0.3085,2991.77,0.0014000000000000002,0.012289160703107926
2020-05-22,0.3154,2955.45,0.0012,0.002353731206609311
2020-05-21,0.32380000000000003,2948.51,0.0012,-0.007773563825670182
2020-05-20,0.3111,2971.61,0.0012,0.01665104312780974
2020-05-19,0.3281,2922.94,0.0013,-0.010484408800538914
2020-05-18,0.3177,2953.91,0.0013,0.03150120473513285
2020-05-15,0.34509999999999996,2863.7,0.0012,0.003926380368098004
2020-05-14,0.349,2852.5,0.0012,0.01152482269503552
2020-05-13,0.3651,2820,0.0013,-0.017462684487059787
2020-05-12,0.34259999999999996,2870.12,0.0013,-0.02054383139042848
2020-05-11,0.3039,2930.32,0.0012,1.774865178509888e-4
2020-05-08,0.3164,2929.8,0.0012,0.016871501011734846
2020-05-07,0.34009999999999996,2881.19,0.0011,0.011504623615899323
2020-05-06,0.3568,2848.42,0.0012,-0.006979403438802989
2020-05-05,0.3552,2868.44,0.0013,0.009040573531170715
2020-05-04,0.37,2842.74,0.0013,0.004249817183674676
2020-05-01,0.3797,2830.71,0.0012,-0.028059043479156554
2020-04-30,0.3505,2912.43,9e-4,-0.009212419757034462
2020-04-29,0.3333,2939.51,0.001,0.026583874358714787
2020-04-28,0.35369999999999996,2863.39,0.0011,-0.005242350129234907
2020-04-27,0.3533,2878.48,0.0012,0.014714073196697708
2020-04-24,0.37810000000000005,2836.74,0.0012,0.01391807849024218
2020-04-23,0.4086,2797.8,0.0011,-5.39418642451106e-4
2020-04-22,0.4092,2799.31,0.0012,0.02293024819481393
2020-04-21,0.4328,2736.56,0.0011,-0.030674846625766805
2020-04-20,0.4097,2823.16,0.0012,-0.017880997439608137
2020-04-17,0.3728,2874.56,0.0012,0.026793591827257934
2020-04-16,0.3921,2799.55,0.0014000000000000002,0.005816710738100639
2020-04-15,0.39280000000000004,2783.36,0.0014000000000000002,-0.022030456139364496
